,precision,recall,f1-score,support
No Heart Disease,0.7525812138000504,0.7293471629042099,0.7407820536654893,8195.0
Has Heart Disease,0.7385050695590663,0.7612103536274153,0.749685835677099,8229.0
accuracy,0.7453117389186557,0.7453117389186557,0.7453117389186557,0.7453117389186557
macro avg,0.7455431416795584,0.7452787582658126,0.7452339446712941,16424.0
weighted avg,0.7455285718760941,0.7453117389186557,0.7452431607145357,16424.0
