,precision,recall,f1-score,support
No Heart Disease,0.7528005034612965,0.7298352654057352,0.7411400247831474,8195.0
Has Heart Disease,0.7388843023941503,0.7613318750759509,0.7499401484318889,8229.0
accuracy,0.7456161714564052,0.7456161714564052,0.7456161714564052,0.7456161714564052
macro avg,0.7458424029277233,0.7455835702408431,0.7455400866075181,16424.0
weighted avg,0.7458279986767404,0.7456161714564052,0.7455491953570328,16424.0
