,precision,recall,f1-score,support
No Heart Disease,0.7657487740475293,0.7431360585723001,0.7542729749814218,8195.0
Has Heart Disease,0.7515051351670405,0.7736055413780533,0.7623952095808383,8229.0
accuracy,0.75840233804189,0.75840233804189,0.75840233804189,0.75840233804189
macro avg,0.7586269546072849,0.7583707999751768,0.75833409228113,16424.0
weighted avg,0.7586122114350389,0.75840233804189,0.7583424993676005,16424.0
