,precision,recall,f1-score,support
No Heart Disease,0.893329658213892,0.3954850518608908,0.5482534043812907,8195.0
Has Heart Disease,0.6128477649265396,0.9529711994166971,0.7459690844233057,8229.0
accuracy,0.6748051631758403,0.6748051631758403,0.6748051631758403,0.6748051631758403
macro avg,0.7530887115702158,0.6742281256387939,0.6471112444022982,16424.0
weighted avg,0.7527983930006904,0.6748051631758403,0.6473158940954736,16424.0
