,precision,recall,f1-score,support
No Heart Disease,0.858116744780571,0.49151921903599755,0.6250290945767709,8195.0
Has Heart Disease,0.6447570332480819,0.9190667152752461,0.7578535998797535,8229.0
accuracy,0.7057355090112031,0.7057355090112031,0.7057355090112031,0.7057355090112031
macro avg,0.7514368890143264,0.7052929671556218,0.6914413472282622,16424.0
weighted avg,0.7512160466436462,0.7057355090112031,0.6915788299724264,16424.0
