,precision,recall,f1-score,support
No Heart Disease,0.7992857681764455,0.7273934039777539,0.7616468558282209,43693.0
Has Heart Disease,0.7516679176048703,0.8187536903301994,0.783777908215396,44034.0
accuracy,0.7732511085526691,0.7732511085526691,0.7732511085526691,0.7732511085526691
macro avg,0.7754768428906579,0.7730735471539767,0.7727123820218085,87727.0
weighted avg,0.7753842962001014,0.7732511085526691,0.772755394371849,87727.0
