,precision,recall,f1-score,support
No Heart Disease,0.7719083394173477,0.7501430435081134,0.7608700698748753,43693.0
Has Heart Disease,0.7588256086245747,0.7800563201162738,0.7692945128779394,44034.0
accuracy,0.7651578191434792,0.7651578191434792,0.7651578191434792,0.7651578191434792
macro avg,0.7653669740209612,0.7650996818121936,0.7650822913764073,87727.0
weighted avg,0.765341547349581,0.7651578191434792,0.7650986645287096,87727.0
