,precision,recall,f1-score,support
No Heart Disease,0.8393010041254768,0.49355732039457123,0.6215861760848574,43693.0
Has Heart Disease,0.6432866377573228,0.906231548349003,0.7524489237934513,44034.0
accuracy,0.7006964788491571,0.7006964788491571,0.7006964788491571,0.7006964788491571
macro avg,0.7412938209413997,0.6998944343717871,0.6870175499391544,87727.0
weighted avg,0.7409128612657495,0.7006964788491571,0.6872718855312107,87727.0
