,precision,recall,f1-score,support
No Heart Disease,0.8222722722722723,0.7520197743345616,0.7855785207942334,43693.0
Has Heart Disease,0.7731697615508615,0.8387155379933687,0.8046099715689371,44034.0
accuracy,0.7955361519258609,0.7955361519258609,0.7955361519258609,0.7955361519258609
macro avg,0.7977210169115669,0.7953676561639651,0.7950942461815853,87727.0
weighted avg,0.7976255847404223,0.7955361519258609,0.7951312343648935,87727.0
