,precision,recall,f1-score,support
No Heart Disease,0.8558558558558559,0.7307692307692307,0.7883817427385893,130.0
Has Heart Disease,0.7878787878787878,0.8904109589041096,0.8360128617363344,146.0
accuracy,0.8152173913043478,0.8152173913043478,0.8152173913043478,0.8152173913043478
macro avg,0.8218673218673218,0.8105900948366702,0.8121973022374618,276.0
weighted avg,0.8198969720708852,0.8152173913043478,0.813577914382324,276.0
