,precision,recall,f1-score,support
No Heart Disease,0.9220714512880314,0.9914396443633877,0.9554981874107438,87730.0
Has Heart Disease,0.5332504661280298,0.10451942989401876,0.1747810144632308,8209.0
accuracy,0.9155505060507197,0.9155505060507197,0.9155505060507197,0.9155505060507197
macro avg,0.7276609587080306,0.5479795371287033,0.5651396009369873,95939.0
weighted avg,0.8888020669169369,0.9155505060507197,0.8886962896139549,95939.0
