,precision,recall,f1-score,support
No Heart Disease,0.9220706251523921,0.991428245754018,0.9554924502496442,87730.0
Has Heart Disease,0.5329192546583851,0.10451942989401876,0.1747632141765964,8209.0
accuracy,0.915540082760921,0.915540082760921,0.915540082760921,0.915540082760921
macro avg,0.7274949399053886,0.5479738378240184,0.5651278322131204,95939.0
weighted avg,0.8887729714309096,0.915540082760921,0.8886895202741009,95939.0
