,precision,recall,f1-score,support
No Heart Disease,0.9150268149662987,0.9996352445001709,0.9554616172401019,87730.0
Has Heart Disease,0.6701030927835051,0.007918138628334754,0.015651336383337343,8209.0
accuracy,0.914779182605614,0.914779182605614,0.914779182605614,0.914779182605614
macro avg,0.7925649538749019,0.5037766915642529,0.48555647681171965,95939.0
weighted avg,0.8940699691017541,0.914779182605614,0.8750469517177055,95939.0
