,precision,recall,f1-score,support
No Heart Disease,0.9204140164463588,0.9913256582696911,0.954554684198684,87730.0
Has Heart Disease,0.47517241379310343,0.0839322694603484,0.1426648721399731,8209.0
accuracy,0.9136847371767477,0.9136847371767477,0.9136847371767477,0.9136847371767477
macro avg,0.6977932151197311,0.5376289638650198,0.5486097781693285,95939.0
weighted avg,0.88231701401585,0.9136847371767477,0.8850855062086073,95939.0
