,precision,recall,f1-score,support
No Heart Disease,0.8103448275862069,0.7230769230769231,0.7642276422764227,130.0
Has Heart Disease,0.775,0.8493150684931506,0.8104575163398693,146.0
accuracy,0.7898550724637681,0.7898550724637681,0.7898550724637681,0.7898550724637681
macro avg,0.7926724137931034,0.7861959957850368,0.787342579308146,276.0
weighted avg,0.7916479260369815,0.7898550724637681,0.7886825756578112,276.0
