,precision,recall,f1-score,support
No Heart Disease,0.84,0.6461538461538462,0.7304347826086957,130.0
Has Heart Disease,0.7386363636363636,0.8904109589041096,0.8074534161490683,146.0
accuracy,0.7753623188405797,0.7753623188405797,0.7753623188405797,0.7753623188405797
macro avg,0.7893181818181818,0.7682824025289778,0.768944099378882,276.0
weighted avg,0.7863801054018446,0.7753623188405797,0.7711765235394725,276.0
