,precision,recall,f1-score,support
No Heart Disease,0.7851239669421488,0.7307692307692307,0.756972111553785,130.0
Has Heart Disease,0.7741935483870968,0.821917808219178,0.7973421926910298,146.0
accuracy,0.7789855072463768,0.7789855072463768,0.7789855072463768,0.7789855072463768
macro avg,0.7796587576646228,0.7763435194942043,0.7771571521224074,276.0
weighted avg,0.7793419339383895,0.7789855072463768,0.7783272994017478,276.0
