,precision,recall,f1-score,support
No Heart Disease,0.7916666666666666,0.7307692307692307,0.76,130.0
Has Heart Disease,0.7756410256410257,0.8287671232876712,0.8013245033112583,146.0
accuracy,0.782608695652174,0.782608695652174,0.782608695652174,0.782608695652174
macro avg,0.7836538461538461,0.779768177028451,0.7806622516556292,276.0
weighted avg,0.7831893348197696,0.782608695652174,0.7818600633458105,276.0
