,precision,recall,f1-score,support
No Heart Disease,0.8275862068965517,0.7384615384615385,0.7804878048780489,130.0
Has Heart Disease,0.7875,0.863013698630137,0.8235294117647058,146.0
accuracy,0.8043478260869565,0.8043478260869565,0.8043478260869565,0.8043478260869565
macro avg,0.8075431034482758,0.8007376185458377,0.8020086083213773,276.0
weighted avg,0.806381184407796,0.8043478260869565,0.8032561911296863,276.0
